{"cameraMode":{"drawMode":0,"name":"Shaded","section":"Shading Mode"},"sceneLighting":false,"audioPlay":false,"sceneViewState":{"m_AlwaysRefresh":false,"showFog":true,"showSkybox":false,"showFlares":true,"showImageEffects":true,"showParticleSystems":true,"showVisualEffectGraphs":true,"m_FxEnabled":true},"in2DMode":false,"pivot":{"x":-0.12960338592529298,"y":0.27856749296188357,"z":-0.2512538731098175},"rotation":{"x":-0.047212325036525729,"y":-0.4911774694919586,"z":0.026799356564879419,"w":-0.8694427609443665},"size":2.0233590602874758,"orthographic":false}