{"cameraMode":{"drawMode":0,"name":"Shaded","section":"Shading Mode"},"sceneLighting":false,"audioPlay":false,"sceneViewState":{"m_AlwaysRefresh":false,"showFog":true,"showSkybox":false,"showFlares":true,"showImageEffects":true,"showParticleSystems":true,"showVisualEffectGraphs":true,"m_FxEnabled":true},"in2DMode":false,"pivot":{"x":-0.09691697359085083,"y":0.5063045024871826,"z":0.23084481060504914},"rotation":{"x":-0.019471803680062295,"y":-0.9768800735473633,"z":0.18718411028385163,"w":-0.10203837603330612},"size":2.421011447906494,"orthographic":false}